GeoFIPS,GeoName,Region,TableName,LineCode,IndustryClassification,Description,Unit,1958:Q1,1958:Q2,1958:Q3,1958:Q4,1959:Q1,1959:Q2,1959:Q3,1959:Q4,1960:Q1,1960:Q2,1960:Q3,1960:Q4,1961:Q1,1961:Q2,1961:Q3,1961:Q4,1962:Q1,1962:Q2,1962:Q3,1962:Q4,1963:Q1,1963:Q2,1963:Q3,1963:Q4,1964:Q1,1964:Q2,1964:Q3,1964:Q4,1965:Q1,1965:Q2,1965:Q3,1965:Q4,1966:Q1,1966:Q2,1966:Q3,1966:Q4,1967:Q1,1967:Q2,1967:Q3,1967:Q4,1968:Q1,1968:Q2,1968:Q3,1968:Q4,1969:Q1,1969:Q2,1969:Q3,1969:Q4,1970:Q1,1970:Q2,1970:Q3,1970:Q4,1971:Q1,1971:Q2,1971:Q3,1971:Q4,1972:Q1,1972:Q2,1972:Q3,1972:Q4,1973:Q1,1973:Q2,1973:Q3,1973:Q4,1974:Q1,1974:Q2,1974:Q3,1974:Q4,1975:Q1,1975:Q2,1975:Q3,1975:Q4,1976:Q1,1976:Q2,1976:Q3,1976:Q4,1977:Q1,1977:Q2,1977:Q3,1977:Q4,1978:Q1,1978:Q2,1978:Q3,1978:Q4,1979:Q1,1979:Q2,1979:Q3,1979:Q4,1980:Q1,1980:Q2,1980:Q3,1980:Q4,1981:Q1,1981:Q2,1981:Q3,1981:Q4,1982:Q1,1982:Q2,1982:Q3,1982:Q4,1983:Q1,1983:Q2,1983:Q3,1983:Q4,1984:Q1,1984:Q2,1984:Q3,1984:Q4,1985:Q1,1985:Q2,1985:Q3,1985:Q4,1986:Q1,1986:Q2,1986:Q3,1986:Q4,1987:Q1,1987:Q2,1987:Q3,1987:Q4,1988:Q1,1988:Q2,1988:Q3,1988:Q4,1989:Q1,1989:Q2,1989:Q3,1989:Q4,1990:Q1,1990:Q2,1990:Q3,1990:Q4,1991:Q1,1991:Q2,1991:Q3,1991:Q4,1992:Q1,1992:Q2,1992:Q3,1992:Q4,1993:Q1,1993:Q2,1993:Q3,1993:Q4,1994:Q1,1994:Q2,1994:Q3,1994:Q4,1995:Q1,1995:Q2,1995:Q3,1995:Q4,1996:Q1,1996:Q2,1996:Q3,1996:Q4,1997:Q1,1997:Q2,1997:Q3,1997:Q4,1998:Q1,1998:Q2,1998:Q3,1998:Q4,1999:Q1,1999:Q2,1999:Q3,1999:Q4,2000:Q1,2000:Q2,2000:Q3,2000:Q4,2001:Q1,2001:Q2,2001:Q3,2001:Q4
 "06000","California",8,SQINC7S,50,"...","Wages and salaries by place of work (thousands of dollars, seasonally adjusted)","Thousands of dollars",24137108,24325720,25080816,25863688,26531868,27345960,27855652,28473884,28680476,29122052,29363368,29519624,30024480,30449300,30983960,31634732,32188168,32971284,33634576,34262608,34929316,35229324,35911928,36641324,37414564,38128744,38543592,39022012,39642364,40231600,41021960,42130120,43288520,44743804,45569212,46078680,46948168,47423048,48610292,49608500,50994956,52163240,53507416,54658424,55745452,57455096,58555040,59971884,60802052,61148776,61455240,61629736,62353232,63132080,64374112,66191128,67388240,68834008,70681708,72648572,74146720,76300968,77772016,79406700,81327544,83532056,85719376,86932752,88083464,89489360,91727356,94250468,96694556,99358216,102193628,104549644,107310784,110997984,113784176,118473164,122944876,127513968,130557672,135400992,140670224,144248248,149434252,153628436,158028024,161433804,165475196,171388900,176684000,180561656,184683780,186489052,190052744,191953076,193645784,195858340,199430764,203763692,207994016,214735076,221919888,226007720,231814464,236902980,243164812,246136368,251824864,258170708,262118040,265734304,271390520,278040776,284772544,292897236,295515948,302856960,308300920,317636136,322297276,328173108,334127664,338412236,343346928,351961524,360974976,366152492,367911244,372292040,368593316,370856888,373388720,374616428,379739668,382155568,382857572,382613044,381618076,383080112,384199544,387429296,388612644,394674656,396909460,400958220,408141208,412637104,419048864,420306588,430013156,436660308,443042008,451983156,459189020,470479596,480355608,491102624,505751804,509465580,521080448,534072636,546678072,556634296,567642048,591544404,621890108,627598860,655532808,648798876,659699224,649770412,642329380,640402184
 "06000","California",8,SQINC7S,81,"[01-02]"," Farm wages and salaries","Thousands of dollars",469680,475832,480944,515700,517044,509496,507844,547816,527212,536744,531436,547120,553792,551244,556104,546324,541696,532816,519180,513716,512880,500944,527356,490384,484660,518688,514000,515032,520160,559904,551568,568916,570824,587752,591028,594248,569096,541472,557852,564820,596856,603068,652892,678712,636860,675204,695512,725024,698104,721108,736676,714716,717916,704972,748828,746476,781592,755116,772048,790972,811460,838236,881580,961752,1008304,1079832,1120648,1174112,1229664,1244260,1239780,1285476,1355232,1403112,1397308,1379784,1432108,1412728,1381084,1344560,1352672,1313740,1299996,1315284,1395756,1451324,1500004,1533580,1563336,1564352,1558552,1541156,1490424,1496528,1539336,1619520,1762832,1834776,1866148,1855536,1814344,1786640,1771216,1765656,1791400,1797232,1807152,1823172,1869032,1872172,1863460,1839092,1805756,1768556,1743292,1729148,1743252,1766308,1809344,1874608,1976240,2033784,2068472,2080012,2078676,2112240,2188312,2309188,2463804,2568652,2619116,2613916,2572624,2525816,2472900,2422112,2382024,2361336,2364528,2397136,2460324,2520148,2556176,2567220,2585040,2596436,2642544,2723908,2861856,2957560,3054172,3142128,3285108,3385360,3460324,3512484,3541012,3561252,3596900,3662940,3703652,3761480,3852776,3960824,4142944,4272284,4363760,4407884,4405544,4405568,4389808,4384648,4321140,4374956,4409188,4424816
 "06000","California",8,SQINC7S,82,"..."," Nonfarm wages and salaries","Thousands of dollars",23667428,23849888,24599872,25347988,26014824,26836464,27347808,27926068,28153264,28585308,28831932,28972504,29470688,29898056,30427856,31088408,31646472,32438468,33115396,33748892,34416436,34728380,35384572,36150940,36929904,37610056,38029592,38506980,39122204,39671696,40470392,41561204,42717696,44156052,44978184,45484432,46379072,46881576,48052440,49043680,50398100,51560172,52854524,53979712,55108592,56779892,57859528,59246860,60103948,60427668,60718564,60915020,61635316,62427108,63625284,65444652,66606648,68078892,69909660,71857600,73335260,75462732,76890436,78444948,80319240,82452224,84598728,85758640,86853800,88245100,90487576,92964992,95339324,97955104,100796320,103169860,105878676,109585256,112403092,117128604,121592204,126200228,129257676,134085708,139274468,142796924,147934248,152094856,156464688,159869452,163916644,169847744,175193576,179065128,183144444,184869532,188289912,190118300,191779636,194002804,197616420,201977052,206222800,212969420,220128488,224210488,230007312,235079808,241295780,244264196,249961404,256331616,260312284,263965748,269647228,276311628,283029292,291130928,293706604,300982352,306324680,315602352,320228804,326093096,332048988,336299996,341158616,349652336,358511172,363583840,365292128,369678124,366020692,368331072,370915820,372194316,377357644,379794232,380493044,380215908,379157752,380559964,381643368,384862076,386027604,392078220,394266916,398234312,405279352,409679544,415994692,417164460,426728048,433274948,439581684,448470672,455648008,466918344,476758708,487439684,502048152,505704100,517227672,530111812,542535128,552362012,563278288,587136520,617484564,623193292,651143000,644414228,655378084,645395456,637920192,635977368
 "06000","California",8,SQINC7S,90,"...","  Private nonfarm wages and salaries","Thousands of dollars",18722984,18816196,19424604,20090788,20711816,21448140,21811724,22321180,22410900,22697952,22779496,22831948,23272780,23642144,24024744,24569212,24964864,25646548,26156664,26609068,27136488,27284032,27816792,28404520,29033612,29542544,29865404,30159640,30634044,30975444,31495252,32295200,33130276,34262436,34781688,35088712,35746856,35998896,36881528,37623192,38598824,39497688,40526352,41356648,42261280,43580420,44282068,45327776,45662960,45697520,45697064,45682472,46179712,46707116,47594872,49155468,49823064,51133600,52451784,54134504,55354728,57254516,58546908,59788168,61140580,62857512,64469996,65087420,65570232,66325616,67997596,70155492,72185524,74342804,76801144,78793928,81288548,84648680,86750324,90781664,94456680,98812688,102490232,106325440,110834484,113777684,118859240,122186436,126063684,128375548,131681532,136840160,141202596,144511456,147069740,149543872,151287444,152952080,154586032,156259560,159018812,162996232,166802736,173628932,179085648,182771932,187778676,191686280,196945560,198951188,203688892,209233112,212508036,215541000,219692504,225250668,231158536,238497992,240359844,246804140,251608920,258946136,263375928,268062476,272735596,275956628,279851800,286909068,293638532,297258568,299025980,300849968,296150096,297753964,299662960,299780668,304062508,306124200,305703240,306201588,305191436,307432504,307617616,311299796,311563240,316016056,318072740,322163292,327788452,331775584,337970660,339616332,349623988,354772964,359464996,367546724,374318868,385366400,394451104,403419404,416786304,419680680,429528156,441493600,452961476,461598320,471443540,493327972,520436456,524048652,549925328,543534288,550188180,538462216,529504684,525161472
 "06000","California",8,SQINC7S,100,"[07-09]","   Agricultural services, forestry, and fishing","Thousands of dollars",81600,82992,84900,86076,88392,90392,92972,94432,93876,94968,97020,101448,105356,110416,115248,119480,124096,127416,130916,133900,136616,138560,142716,147372,153148,158056,163372,168964,174176,178352,184524,190372,198820,204520,208324,209828,208512,208244,210876,216536,226868,236780,247228,256608,268952,282916,294544,306080,317200,326880,337600,345656,356248,365128,372420,379772,388556,402244,415968,429792,444900,458016,473464,491716,517148,539424,555368,565112,571232,579580,596012,622996,660676,690168,708404,717872,716880,752200,776920,799132,946628,960492,1004316,1026520,1084196,1143160,1210096,1261868,1341576,1385700,1417632,1433492,1395900,1402688,1398268,1392024,1421696,1377472,1475012,1513656,1527200,1483604,1592064,1608388,1777876,1699148,1735916,1769596,1914996,1882196,1942700,2011160,2027160,2033696,2108420,2203944,2277916,2323400,2300228,2254840,2459208,2435552,2491996,2533188,2623172,2672272,2711704,2830348,2936104,2986576,2974980,3016184,2879252,2848848,2970952,2952516,2931724,3050544,3015916,2973276,3023268,3066248,3100640,3168196,3255632,3274644,3295568,3287784,3294860,3348848,3580740,3635688,3748352,3805788,3754204,3845188,3991036,4221856,4130480,4146996,4411948,4333472,4600324,4746388,4763808,4863020,5119704,5243880,5224016,5379192,5410040,5470560,6641428,6049248,5337504,4947940
 "06000","California",8,SQINC7S,200,"B","   Mining","Thousands of dollars",215508,202948,201784,205600,208560,213188,208328,215260,205740,208684,203380,202548,216424,210768,216028,218624,216648,219268,219536,219292,222072,225192,223132,227780,231488,239960,240788,248764,252404,250808,257588,256200,269964,273396,271172,270612,272960,279936,289180,286992,290652,296772,309144,311552,310556,322668,321408,333500,336480,335260,329608,331088,332516,335648,341608,347528,355496,352344,362992,367976,373616,395104,418152,428344,454012,475900,483892,468188,516008,529976,536640,579936,606424,587008,632780,637892,648460,688316,712716,687980,662944,799716,803416,840456,851204,899444,930484,999260,1004920,1089748,1130224,1207976,1296876,1339968,1434008,1579544,1552228,1547384,1536812,1496432,1547136,1544524,1602180,1630804,1753960,1662888,1748348,1748980,1657432,1715976,1769204,1794932,1759272,1487972,1461248,1450328,1464164,1473140,1446800,1530736,1653060,1618884,1613720,1583400,1587916,1573848,1578592,1604620,1589960,1679032,1732816,1740736,1765072,1710192,1693768,1681504,1684044,1704044,1664892,1758180,1627212,1743212,1762256,1796028,1679964,1578092,1554728,1555992,1528332,1561972,1574344,1539964,1584376,1576660,1547416,1568420,1663508,1688076,1753344,1694076,1623816,1579916,1631236,1666764,1671968,1509428,1446328,1461428,1484056,1619948,1485916,1585852,1674388,1777020,1749328,1750140
 "06000","California",8,SQINC7S,300,"C","   Construction","Thousands of dollars",1588544,1628764,1746812,1807544,1856576,1940068,1972816,2019528,1961832,1989004,1979304,1929980,2007932,2085540,2103928,2152992,2134460,2191456,2349596,2449856,2514524,2457020,2538372,2646968,2778280,2832016,2751576,2730424,2764856,2731464,2729336,2734476,2832540,2946276,2779004,2615608,2556264,2485668,2701620,2741856,2812544,2877132,2945716,3048844,2930972,3337180,3205148,3503756,3502328,3452576,3437632,3282608,3488224,3475544,3565228,3690128,3924612,3842988,3856920,3839796,3905172,4279548,4407132,4405516,4432136,4411192,4360620,4560632,4423716,4561384,4723040,4813388,4943988,5022608,5198636,5460520,5733256,6007184,6196628,6576584,6554920,7231752,7576960,7784740,8196344,8652148,9025328,9193008,9237048,9251296,9351504,9921544,10135276,10442412,10389276,10183108,10108592,9772596,9530880,9296836,9063148,9378236,9786660,10274296,11300376,11336324,11647396,11569412,12950080,12609868,12982592,13308256,13592592,14037720,14358976,15222532,15546416,16130184,16052928,15763900,16817064,17359884,17876012,18118632,18624472,19022408,19079696,20462184,20624320,20278988,19416836,18801688,17854868,17309732,17083128,16565776,15726664,15772292,15339064,14872024,14174076,14616708,14472936,14614144,15405632,15337304,15503176,15724220,15729920,16309328,16729848,16996944,16926448,17066464,17327848,17683472,18876348,19567668,20070216,20507472,21850008,22054756,23518944,24622344,25759240,26138600,26658412,27908428,28957532,30196104,31189868,32062920,32989320,33187608,33136232,32171348
 "06000","California",8,SQINC7S,400,"D","   Manufacturing","Thousands of dollars",6737432,6768704,7031632,7387152,7655316,7930296,7983596,8174416,8205056,8269004,8221948,8167392,8293848,8405584,8573044,8802892,9001224,9263744,9413924,9524384,9711016,9686092,9823520,9914636,10046256,10129448,10214696,10212164,10340076,10461516,10603092,10952508,11345284,11882312,12172240,12266652,12614424,12699632,12923708,13269052,13594676,13777588,14025688,14233652,14473448,14784792,15068100,15109956,15045708,14796728,14416604,14101804,14169508,14329336,14298692,14596520,15174264,15449636,15747212,16210012,16503688,17210164,17794292,18296364,18658156,19126456,19638168,19385772,19529244,19500184,19853584,20383964,21144360,21702176,22122132,22711856,23399036,24304116,24926640,25579960,26716924,27706360,28758748,29915656,31401332,32187796,33593824,34391332,35429268,35953836,37075780,38468308,39319532,40515068,40994000,41696344,42349940,42698252,42551584,43172700,44154512,44728248,45657032,46882580,48694928,49399292,50503020,51482716,53224176,53063180,53750396,54720576,54824404,55485168,56228552,57146172,57901840,59020568,59837908,60429268,62199556,63203160,63771996,64964856,65670744,65647144,66689252,67531908,67952656,68926068,68967752,68532608,68637168,68593156,68507888,68261932,68035132,67594616,67730216,68587864,64241864,66324016,66126832,67856440,64758548,67002964,67166476,67512084,67531508,68725012,70594124,70628216,71983968,73656112,74134684,76405820,78085392,80418368,83227600,85241456,87966292,87555284,87504396,88821820,93125848,93093812,97050752,101544192,114147056,108577292,117306296,110055588,103991160,101201068,96633824,96076832
 "06000","California",8,SQINC7S,410,"...","    Durable goods manufacturing","Thousands of dollars",4648316,4684320,4891268,5215248,5387860,5630620,5622924,5808144,5796552,5834216,5790204,5720552,5835720,5908624,6053884,6225276,6418640,6615100,6754912,6841804,6998432,6952688,7058664,7101576,7200028,7230636,7239672,7238572,7298836,7410864,7569736,7826908,8141332,8572900,8826964,8913300,9189148,9278172,9479088,9710544,9970004,10043852,10176756,10346984,10529140,10733484,10892016,10900988,10791976,10564896,10168076,9844368,9819500,9914604,9903336,10123800,10520020,10706936,10957400,11443624,11547740,12096136,12571384,12905416,13138904,13469140,13803724,13510848,13768420,13621252,13696368,13967508,14592940,15082644,15359600,15725284,16255388,16807472,17307204,17701244,18584780,19338984,20207076,21118044,22355496,22938852,24036548,24577412,25504528,25819424,26565276,27673208,28277760,29161304,29494468,30099956,30451032,30793412,30733052,31116756,31883836,32321748,33124660,34013380,35359264,36031984,36966244,37764020,39361184,39243192,39633236,40457204,40319824,40864500,41446684,41969132,42226864,43051488,43622440,44094480,45272440,45878336,46076488,47135068,47526012,47294220,48214928,48732768,48748388,49269188,49081124,48325756,48578784,48348756,48056824,47491204,47457364,46847476,46725752,47310064,43894836,45312652,45127780,46115972,43987380,45525392,45207844,45620828,45833308,46965976,48687396,48581736,49835856,50852884,51176024,53113420,54410172,56042148,58751236,60622216,62384016,61935244,61913480,62893812,66445520,66348312,69276296,73738620,84128500,79503680,87586636,81314916,75371168,72635612,68273600,67620432
 "06000","California",8,SQINC7S,450,"...","    Nondurable goods manufacturing","Thousands of dollars",2089116,2084384,2140364,2171904,2267456,2299676,2360672,2366272,2408504,2434788,2431744,2446840,2458128,2496960,2519160,2577616,2582584,2648644,2659012,2682580,2712584,2733404,2764856,2813060,2846228,2898812,2975024,2973592,3041240,3050652,3033356,3125600,3203952,3309412,3345276,3353352,3425276,3421460,3444620,3558508,3624672,3733736,3848932,3886668,3944308,4051308,4176084,4208968,4253732,4231832,4248528,4257436,4350008,4414732,4395356,4472720,4654244,4742700,4789812,4766388,4955948,5114028,5222908,5390948,5519252,5657316,5834444,5874924,5760824,5878932,6157216,6416456,6551420,6619532,6762532,6986572,7143648,7496644,7619436,7878716,8132144,8367376,8551672,8797612,9045836,9248944,9557276,9813920,9924740,10134412,10510504,10795100,11041772,11353764,11499532,11596388,11898908,11904840,11818532,12055944,12270676,12406500,12532372,12869200,13335664,13367308,13536776,13718696,13862992,13819988,14117160,14263372,14504580,14620668,14781868,15177040,15674976,15969080,16215468,16334788,16927116,17324824,17695508,17829788,18144732,18352924,18474324,18799140,19204268,19656880,19886628,20206852,20058384,20244400,20451064,20770728,20577768,20747140,21004464,21277800,20347028,21011364,20999052,21740468,20771168,21477572,21958632,21891256,21698200,21759036,21906728,22046480,22148112,22803228,22958660,23292400,23675220,24376220,24476364,24619240,25582276,25620040,25590916,25928008,26680328,26745500,27774456,27805572,30018556,29073612,29719660,28740672,28619992,28565456,28360224,28456400
 "06000","California",8,SQINC7S,500,"E","   Transportation and public utilities","Thousands of dollars",1993532,1922960,1980532,2034876,2067688,2109104,2105820,2141296,2164908,2190176,2227508,2191864,2168164,2221608,2237776,2258004,2312380,2351412,2384044,2422164,2421460,2474232,2515460,2564916,2629940,2662600,2704748,2757380,2795404,2879872,2891420,3027068,3047856,3193164,3251196,3388080,3467836,3443332,3521568,3542380,3667312,3785800,3911560,3964764,4095824,4217024,4287164,4401596,4400348,4427508,4600552,4628988,4738812,4740192,4808476,4958964,5159916,5173040,5131616,5351972,5555480,5767040,5825312,5906132,6037992,6112132,6296784,6351352,6394244,6332984,6512344,6821788,6814752,7046452,7231692,7485056,7424148,7883308,8071344,8343708,8793740,9171052,9158920,9617200,9910068,9745720,10722484,11061984,11246160,11393912,11605596,12038528,12513056,12840236,13034532,13327444,13394712,13524540,13485052,13617008,13560376,13975872,14467112,14893288,14423036,15043000,15343872,15499812,15746616,15985032,15864664,16527144,16903176,16517460,16838088,17342320,17488412,17738396,17271988,18095164,17330656,18639872,18441196,18846516,19321480,19141820,19534376,20085180,20144180,21012424,21246312,21416612,21188552,21240240,21801044,21328696,22052016,21985732,22468632,22237992,22594640,22521672,22528936,22984360,22883760,23399892,23683132,23923540,24172684,24385768,24232992,24634120,24707840,25288648,25790856,25853808,26187020,27033024,27990088,28723504,29437472,29095912,29523272,29533292,32286420,33732072,34067268,36228692,35875284,35281048,35475640,35922136,36467280,37136436,37134592,35659340
 "06000","California",8,SQINC7S,610,"F","   Wholesale trade","Thousands of dollars",1489128,1506944,1556220,1576560,1622268,1678104,1719844,1743404,1777920,1814432,1835760,1853064,1864364,1886700,1930940,1957552,1978840,2026028,2059796,2081536,2110520,2148800,2171952,2214840,2242664,2280772,2315052,2350240,2396932,2422680,2461404,2500272,2574004,2641904,2699128,2744944,2803396,2811572,2857324,2894664,2927944,3060064,3160716,3221848,3262380,3342164,3427048,3537216,3598260,3624504,3659272,3685400,3740172,3789440,3874876,3977388,4045356,4142288,4225680,4343880,4575948,4725292,4852736,4963904,5112652,5313748,5539208,5712724,5710708,5874452,6063828,6295912,6326696,6574356,6736960,6827944,7075068,7357356,7511424,7869656,8096544,8368032,8748884,9079136,9242732,9586472,9929512,10244040,10740440,11017804,11173336,11623128,12153720,12150836,12389008,12546804,12496004,12698408,12850600,12887768,12987852,13298484,13775392,14361652,14843380,15427964,15910608,16247864,16592516,16933032,17313844,17609408,17950828,18357340,18705032,19227236,18595576,19531512,19740064,20138732,21035824,21691856,22177084,22419912,23277156,23613260,23740744,24194816,24815036,25073196,25159624,25414464,24448640,24671236,24866712,25061272,25675748,25657224,25584656,25982308,23902812,24830160,24737000,26042296,25050772,26161216,26644952,27406272,27802356,28216388,28688632,28601840,29340936,29802040,29893280,30714704,31333672,31963728,32656036,33155888,34839408,34679912,35420332,36073624,37061816,37212512,37605548,38948072,39650856,41022412,41732136,41867004,41543236,41031312,40773776,39954180
 "06000","California",8,SQINC7S,620,"G","   Retail trade","Thousands of dollars",2726852,2726656,2807656,2890252,2981092,3105784,3154888,3196992,3263344,3337400,3321348,3335800,3371228,3399380,3447492,3543956,3605184,3683848,3743900,3817740,3896528,3939668,4039064,4136024,4234732,4353488,4443076,4502916,4597700,4599408,4691104,4754592,4862228,4970068,5028684,5065388,5122840,5146616,5233336,5379868,5546232,5670084,5810332,5892992,6047212,6202300,6316472,6439956,6512552,6602624,6711756,6761052,6866220,6959776,7184116,7296944,7466104,7546680,7703192,7889384,8122752,8276828,8385988,8494560,8649820,8980148,9245568,9337744,9383648,9474304,9738396,10032644,10349948,10650108,11059396,11257040,11636268,12096404,12380596,12808928,13329904,13715844,14078960,14631384,15242252,15337760,15759804,16261304,16780204,16796808,17198744,17672664,18215976,18556456,18885792,18929820,19107564,19496480,19772672,19963472,20044252,20652568,21324876,21983676,22755988,23124980,23477236,24094744,24895224,25095516,25615200,26227128,26671592,27108704,27654924,28056176,28428684,29326892,29437488,29462576,30574728,31249976,32100872,32649324,33243884,33503688,33934504,34553560,35329860,35586008,35511796,35728056,35234264,35578344,35639496,35723104,36062868,36271072,36340100,34475900,36020468,36469856,36418176,36214492,37190804,37292740,37617844,37832660,38783380,38930868,39555492,39658204,39982312,40318764,40659868,41523092,42182036,43142752,43456824,43976864,46009904,46291992,47752612,48477328,49303468,50155664,51817048,53544388,54769980,56255012,56969736,58353544,59278432,58806416,58601060,58579264
 "06000","California",8,SQINC7S,700,"H","   Finance, insurance, and real estate","Thousands of dollars",1052172,1062116,1094328,1131368,1162520,1212224,1248136,1270240,1301920,1327572,1344644,1365144,1407824,1450052,1459668,1499956,1519468,1548080,1575248,1611772,1655000,1682560,1737068,1791072,1826008,1861176,1922716,1944264,2002864,2024756,2054508,2077184,2134356,2141088,2118328,2130260,2166516,2240072,2323488,2381900,2450356,2547664,2627360,2718428,2797888,2840712,2903084,2971624,3066532,3074772,3130668,3173904,3273136,3352676,3445700,3537004,3567176,3746712,3880932,3971272,4054872,4133820,4181196,4254356,4338700,4439504,4578972,4623508,4600540,4679108,4774648,4963380,5122772,5316156,5591468,5705648,6015220,6236080,6360904,6831536,7107768,7601232,8021252,8334320,8663484,8956548,9389248,9735644,10127028,10299724,10636564,11118400,11510404,11636360,11951692,12137280,12168916,12473612,12743844,13085284,13577520,14050120,14420676,15133404,15374996,15561180,16158460,16692552,17040220,17430732,18517504,19437896,20090084,21107752,21599248,22438476,23994716,24950608,24693124,24905548,25203356,26078624,26874980,27105212,27352328,27243372,27130992,28005356,28296500,28422136,28781612,29358216,28843776,29107328,28998972,29240004,29136836,29974196,30108300,33252000,28069628,31521232,32018300,33966748,30381052,32122824,31749636,31984880,30807620,31428320,31592412,31873680,32415856,33491552,34219304,34745668,35662988,36914676,38130276,39671084,40382756,42419196,44092636,47423396,44356492,46937968,46525136,49047864,50447192,50202376,52275320,52533708,58976648,54703784,55887032,57243628
 "06000","California",8,SQINC7S,800,"I","   Services","Thousands of dollars",2838216,2914112,2920740,2971360,3069404,3168980,3325324,3465612,3436304,3466712,3548584,3684708,3837640,3872096,3940620,4015756,4072564,4235296,4279704,4348424,4468752,4531908,4625508,4760912,4891096,5025028,5109380,5244524,5309632,5426588,5622276,5802528,5865224,6009708,6253612,6397340,6534108,6683824,6820428,6909944,7082240,7245804,7488608,7707960,8074048,8250664,8459100,8724092,8883552,9056668,9073372,9371972,9214876,9359376,9703756,10371220,9741584,10477668,11127272,11730420,11818300,12008704,12208636,12547276,12939964,13459008,13771416,14082388,14440892,14793644,15199104,15641484,16215908,16753772,17519676,17990100,18640212,19323716,19813152,21284180,22247308,23258208,24338776,25096028,26242872,27268636,28298460,29037996,30157040,31186720,32092152,33356120,34661856,35627432,36593164,37751504,38687792,39363336,40639576,41226404,42556816,43884576,44176744,46860844,48161108,49517156,51253820,52580604,52924300,54235656,55932788,57596612,58688928,59405188,60738016,62163484,65460812,68003292,69579316,74223376,74335468,76668328,78028072,79841436,81034444,83538816,85451940,87641096,91949916,93294140,95234252,96841404,95298504,96694888,98101000,98965864,102757476,104114480,103451464,102062044,111537468,106339400,106452540,104657092,110957076,109846380,110857228,112935860,118137792,118869080,121422076,122047676,128933900,129766936,132137536,135206552,136336868,140416252,143036240,146302064,150264700,151670240,155484404,160128644,164632416,167955244,171153344,179401028,189880484,195515268,208080376,205682976,208626288,204569324,200251336,198778800
 "06000","California",8,SQINC7S,900,"...","  Government and government enterprises","Thousands of dollars",4944444,5033692,5175268,5257200,5303008,5388324,5536084,5604888,5742364,5887356,6052436,6140556,6197908,6255912,6403112,6519196,6681608,6791920,6958732,7139824,7279948,7444348,7567780,7746420,7896292,8067512,8164188,8347340,8488160,8696252,8975140,9266004,9587420,9893616,10196496,10395720,10632216,10882680,11170912,11420488,11799276,12062484,12328172,12623064,12847312,13199472,13577460,13919084,14440988,14730148,15021500,15232548,15455604,15719992,16030412,16289184,16783584,16945292,17457876,17723096,17980532,18208216,18343528,18656780,19178660,19594712,20128732,20671220,21283568,21919484,22489980,22809500,23153800,23612300,23995176,24375932,24590128,24936576,25652768,26346940,27135524,27387540,26767444,27760268,28439984,29019240,29075008,29908420,30401004,31493904,32235112,33007584,33990980,34553672,36074704,35325660,37002468,37166220,37193604,37743244,38597608,38980820,39420064,39340488,41042840,41438556,42228636,43393528,44350220,45313008,46272512,47098504,47804248,48424748,49954724,51060960,51870756,52632936,53346760,54178212,54715760,56656216,56852876,58030620,59313392,60343368,61306816,62743268,64872640,66325272,66266148,68828156,69870596,70577108,71252860,72413648,73295136,73670032,74789804,74014320,73966316,73127460,74025752,73562280,74464364,76062164,76194176,76071020,77490900,77903960,78024032,77548128,77104060,78501984,80116688,80923948,81329140,81551944,82307604,84020280,85261848,86023420,87699516,88618212,89573652,90763692,91834748,93808548,97048108,99144640,101217672,100879940,105189904,106933240,108415508,110815896
 "06000","California",8,SQINC7S,910,"...","   Federal civilian","Thousands of dollars",1298644,1275456,1339316,1349360,1326040,1347220,1416472,1394856,1408028,1421600,1467392,1483372,1503668,1532604,1554992,1590624,1622804,1637828,1657448,1658520,1672356,1715084,1721432,1776092,1750608,1805088,1803236,1854004,1862228,1908704,2024312,2063652,2112060,2173636,2283952,2312512,2434492,2462528,2514160,2573076,2666648,2719320,2801016,2835256,2844088,2886156,2964080,3013344,3142040,3233744,3258640,3341032,3365872,3406256,3471024,3528320,3553288,3593052,3694028,3741204,3775908,3810112,3767568,3843540,3976840,4095040,4185260,4280464,4383792,4474036,4592104,4689356,4733036,4783364,4842380,4892120,4974052,5034968,5129144,5247684,5357072,5456736,5607904,5705132,5801324,5802052,5849436,5908724,6014540,6611316,6393604,6520104,6763452,6918340,7139928,7257728,7254104,7258184,7315468,7422384,7538668,7613852,7748708,7899924,7993780,8149640,8273108,8340440,8435776,8585344,8713172,8811112,8855564,8859312,8870284,8912332,9029816,9176512,9331216,9557244,9694996,9852936,9979052,10129460,10246036,10280988,10191184,10158088,10325348,11204700,10875180,10692000,10876096,11053636,11297328,11402136,11497296,11647304,11827564,11859956,11837684,11861092,11882000,11989732,12172460,12195232,12212612,12169164,12069228,12006428,11954924,11904428,11956156,11908348,11907112,11851904,11831672,11833360,11684324,11882036,11873428,11987696,12194160,12263600,12246740,12208960,12164824,12303864,12777172,13397772,12749556,12627920,12356796,12312420,12461628,12605568
 "06000","California",8,SQINC7S,920,"...","   Military","Thousands of dollars",1161160,1187200,1203464,1197960,1207364,1221160,1224548,1233760,1218784,1237620,1257756,1260464,1230428,1212412,1233816,1236404,1257776,1268784,1323672,1393384,1392160,1398024,1398896,1414992,1466344,1472244,1452576,1449052,1446540,1489428,1556608,1655228,1799048,1888300,1925928,1920024,1904660,1975184,2033600,2088816,2144864,2190356,2260852,2329360,2364608,2420820,2418776,2504184,2589716,2549976,2552752,2512600,2468556,2535708,2632564,2723280,2824024,2709664,2901796,2956980,2938204,2957692,2831980,2899836,3010488,2945836,2997240,3094404,3046496,3068832,3084136,2923692,2923616,3051368,3072208,3077688,3093324,3092000,3093572,3212268,3262912,3294204,3261340,3462120,3415452,3428428,3490624,3549764,3651452,3758136,3860692,3965156,4635096,4658052,4598560,4132536,5002760,5074520,5202436,5321028,5345224,5369424,5418852,5501308,5629012,5788268,5901076,5993612,6067164,6189376,6259660,6285572,6383708,6471072,6549528,6637280,6641904,6680160,6750052,6878148,6871080,6900572,7012764,7051444,7025388,7170752,7337204,7372596,7438192,7394504,7330412,7584536,7963408,7729012,7565220,7598132,7751232,7882868,7844612,7787448,7673116,7361000,7165376,6874364,6792528,6744260,6653124,6542272,6436180,6354656,6246240,6152908,5988292,5926352,5867364,5852076,5733676,5647552,5645472,5599316,5660320,5629880,5599116,5608052,5604640,5668364,5709156,5790584,5856588,5894324,5992996,6062552,6158632,6289552,6467984,6782628
 "06000","California",8,SQINC7S,930,"...","   State and local","Thousands of dollars",2484640,2571036,2632488,2709880,2769604,2819944,2895064,2976272,3115552,3228136,3327288,3396720,3463812,3510896,3614304,3692168,3801028,3885308,3977612,4087920,4215432,4331240,4447452,4555336,4679340,4790180,4908376,5044284,5179392,5298120,5394220,5547124,5676312,5831680,5986616,6163184,6293064,6444968,6623152,6758596,6987764,7152808,7266304,7458448,7638616,7892496,8194604,8401556,8709232,8946428,9210108,9378916,9621176,9778028,9926824,10037584,10406272,10642576,10862052,11024912,11266420,11440412,11743980,11913404,12191332,12553836,12946232,13296352,13853280,14376616,14813740,15196452,15497148,15777568,16080588,16406124,16522752,16809608,17430052,17886988,18515540,18636600,17898200,18593016,19223208,19788760,19734948,20449932,20735012,21124452,21980816,22522324,22592432,22977280,24336216,23935396,24745604,24833516,24675700,24999832,25713716,25997544,26252504,25939256,27420048,27500648,28054452,29059476,29847280,30538288,31299680,32001820,32564976,33094364,34534912,35511348,36199036,36776264,37265492,37742820,38149684,39902708,39861060,40849716,42041968,42891628,43778428,45212584,47109100,47726068,48060556,50551620,51031092,51794460,52390312,53413380,54046608,54139860,55117628,54366916,54455516,53905368,54978376,54698184,55499376,57122672,57328440,57359584,58985492,59542876,59822868,59490792,59159612,60667284,62342212,63219968,63763792,64071032,64977808,66538928,67728100,68405844,69906240,70746560,71722272,72886368,73960768,75714100,78414348,79852544,82475120,82189468,86674476,88331268,89485896,91427700
"Note: See the included footnote file."
"SQINC7S: Wages and Salaries by SIC Industry 1/"
"Last updated: March 6, 2019-- revised statistics for 1958:Q1-2001:Q4. "
"Source: U.S. Department of Commerce / Bureau of Economic Analysis / Regional Economic Accounts"
